{
    "mse": 1156561.4180897106,
    "r2": 0.5744760281597301
}